,API_NUMBER,LATITUDE,LONGITUDE
139189,121450288000,38.072675,-89.556021
133840,121011049200,38.734991,-87.765376
544086,120970208800,42.425437,-88.08833
378825,121252237400,40.305925,-89.815725
83859,121850431200,38.411333,-87.870992
484772,120974615900,42.345515,-88.013329
296984,121974432500,41.454659,-88.198442
405567,121092288600,40.479255,-90.750011
292693,121352421100,39.331667,-89.576944
47133,121630014800,38.222191,-89.706801
534974,120012275700,39.89727,-91.311591
297288,121270002400,37.089121,-88.570645
547569,120192373600,40.096924,-87.983085
85460,121850497300,38.252241,-87.956578
138896,121730166900,39.403729,-88.639232
442736,121830066800,40.137911,-87.684582
237515,120032018900,37.218634,-89.319535
115696,121210496904,38.578807,-89.021655
494151,121370056500,39.8227,-90.566074
425826,120492455200,38.930105,-88.540952
82127,120650215200,38.104971,-88.424417
526856,121772205000,42.495883,-89.576969
312208,121192394000,38.952941,-89.734754
502142,121632406700,38.316836,-90.028038
585815,120112244000,41.46584,-89.516313
268827,121450028200,38.030532,-89.487514
2447,120472391200,38.541732,-88.00229
298386,120313658100,41.656307,-87.9706
498707,121412259800,41.931123,-89.261496
437203,120410104500,39.658649,-88.434888
46955,121590187601,38.812062,-88.170313
285985,120893269300,42.127555,-88.421895
555147,120852095600,42.300761,-90.300113
93008,121930115300,37.928812,-88.09546
307375,121974299200,41.611861,-88.140028
362507,121510016000,37.589771,-88.742877
461113,121114141400,42.44527,-88.213763
445598,121872095100,40.932848,-90.646692
324794,121252290500,40.150097,-89.733393
367088,120132030000,39.34834,-90.782139
408292,120893501600,42.094989,-88.404965
605556,121913328500,38.552571,-88.310562
524546,121732219700,39.354776,-88.479077
300019,120975187600,42.24064,-88.170363
302623,121114480600,42.301156,-88.388098
465869,120852223600,42.414552,-90.161148
316760,121433030500,40.744993,-89.895853
4747,120333055900,39.078635,-87.720405
56911,121933107401,38.131178,-88.005548
36095,121012899700,38.725412,-87.77555
486988,121572310300,37.968771,-89.677872
386524,121032179700,41.800638,-89.249709
310224,121172316000,39.121085,-89.728954
54408,121012862501,38.642406,-87.715977
92038,121910097700,38.550695,-88.368648
546051,120972403600,42.159625,-88.01101
404258,120352250400,39.2971,-88.130748
335455,121210549600,38.664716,-88.874213
544739,120972513000,42.394698,-88.145972
424615,122032109700,40.920968,-89.400868
572755,120732211000,41.304959,-89.858221
442497,121832263500,39.967318,-87.846034
316072,120712107400,40.925052,-90.937336
634944,121630246800,38.422899,-89.861331
505408,121650155100,37.719455,-88.694858
118812,121070030100,40.220339,-89.361783
31320,121210311900,38.478089,-88.982985
511231,121972878100,41.472753,-88.175273
637115,120590337100,37.658447,-88.254279
214651,121332078700,38.194946,-90.055919
395572,120973244600,42.392337,-88.134529
157811,120331028300,38.909749,-87.726278
188062,120992785000,41.483334,-89.154292
50099,120330399300,38.995545,-87.875389
303803,121112226200,42.246242,-88.391317
404040,120350118500,39.283407,-88.231665
563093,120492252400,39.144279,-88.502289
487017,121572494900,38.144732,-89.741344
501925,121630288500,38.563919,-89.84826
22942,120270201500,38.585303,-89.361128
227642,121970114200,41.310595,-88.238094
183075,120250036201,38.900323,-88.41696
474406,120310222000,41.726991,-87.780524
130560,120333175000,38.96859,-87.867055
174354,120230077500,39.290947,-87.655642
61508,121013036100,38.682689,-87.724458
29613,120232713200,39.287049,-87.883476
67591,120590033402,37.835059,-88.083243
160192,120810233300,38.237482,-88.861719
559866,120892663500,41.985386,-88.37456
38333,120050051100,38.946516,-89.566483
8901,120331696700,39.05953,-87.929214
277023,120910079200,41.261785,-87.66288
331843,121832528900,40.145238,-87.610615
452389,120973761300,42.40357,-88.036283
527293,121772149800,42.31656,-89.623461
509170,121972505200,41.471543,-87.918487
138569,121730098100,39.565452,-88.883514
380767,120152182100,42.024509,-90.119214
65931,121930524600,38.047266,-88.131048
270785,121450207900,37.958616,-89.330928
319887,121192757500,38.702662,-90.073734
11767,121010856500,38.691861,-87.6859
430072,121113406100,42.441273,-88.643476
528958,121792193400,40.545509,-89.319158
250318,120492373900,39.017188,-88.516919
22796,120230202500,39.273112,-87.908465
201693,120975091800,42.207867,-87.973533
545209,120972453000,42.21263,-88.051829
558440,120892889400,41.980687,-88.598656
65345,120330304300,38.999312,-87.719518
556918,120890141400,41.827617,-88.470086
264567,121433189400,40.761907,-89.945151
388870,121072183800,39.943198,-89.228319
508797,121732280500,39.418597,-88.591717
440347,120412234700,39.800199,-88.083346
467214,120333641600,39.049434,-87.806245
84608,121850465400,38.349801,-87.866166
70760,121930041800,37.918879,-88.271602
50208,120330701900,39.143446,-87.923518
297325,121974424300,41.587217,-88.177884
389401,121110113000,42.249824,-88.251332
111157,120330317900,38.869363,-87.607739
148682,121930519300,38.060804,-88.059443
360886,121632484600,38.443436,-90.024507
52407,120332456400,39.045996,-87.847174
491705,121612188100,41.444913,-90.551826
121980,121672247600,39.72152,-89.449606
592225,120192530300,40.285854,-88.139002
418534,121952312900,41.801311,-89.698262
168603,121150069100,39.86024,-89.020612
453347,120992384200,41.563125,-88.893232
369209,120132010400,39.295314,-90.649101
186159,120230126600,39.300654,-87.921042
226465,121970320300,41.536361,-88.049584
595075,120314336000,41.846791,-87.645294
178508,121010282300,38.734521,-87.797948
611334,120314257800,41.844079,-87.744213
339276,121310011400,41.261883,-90.581153
382194,120992425100,41.182579,-88.979496
436216,120372174100,42.122653,-88.693376
382870,120992441700,41.529927,-88.684393
556618,120892203900,41.829326,-88.362303
512200,121972740200,41.535702,-87.952164
503285,121650024600,37.752938,-88.531116
208574,121973810100,41.565533,-87.949584
367964,120150020900,41.966964,-89.705455
447984,121892322700,38.472534,-89.507185
128290,120230109700,39.289144,-87.916723
145697,120470056800,38.460912,-88.146596
250675,120510207700,38.835094,-88.776829
52905,120313218600,42.013741,-87.945186
369109,120172031000,40.033788,-90.170345
274938,121570152600,38.198151,-89.793173
472595,120310251300,41.819258,-87.762519
274018,121570122300,38.003021,-89.614162
73200,120510442100,39.099629,-88.888376
436853,120410084800,39.797444,-88.271306
36902,121592424800,38.820496,-88.13549
457560,120192596800,40.08315,-88.115662
203568,120992800600,41.098639,-88.931528
38611,121913009600,38.533992,-88.301807
544374,120970132500,42.394274,-88.054305
293720,120852567000,42.371588,-90.409046
533541,120192494300,40.17179,-88.457008
221397,120710017200,40.738679,-90.975357
23055,120270088700,38.537504,-89.145438
483391,121092284500,40.314471,-90.738126
489340,121592378000,38.69898,-88.176441
351724,120852355400,42.353011,-90.394119
539225,121292085100,40.004765,-89.632518
422455,122012818100,42.466992,-89.038419
193398,121590281200,38.698819,-88.22088
236456,120010102000,39.801476,-91.183902
25501,120331584100,39.036802,-87.819062
329786,121973287300,41.390843,-87.95976
29105,121090025900,40.337925,-90.864879
473051,120310104200,42.120939,-87.852401
214075,120752297400,40.839736,-87.9404
159723,120330997100,38.878778,-87.650558
29451,121190034400,38.754539,-89.874389
300956,120812381300,38.143773,-88.749537
580495,121112530700,42.360093,-88.251223
19195,120450044000,39.599124,-87.850928
184863,121933145000,37.954498,-88.295562
249592,120432942900,41.877539,-88.191091
80917,120650095500,37.948276,-88.658895
136756,121010556300,38.842342,-87.671578
256042,120893395900,42.143643,-88.516819
323704,120272718600,38.66765,-89.311749
321737,120992615500,41.322848,-88.965691
88722,120330595701,39.059823,-87.845605
45806,121210305500,38.509642,-88.968374
99474,121930641100,38.00605,-88.055141
229983,121972488100,41.412302,-87.587845
329092,121113652100,42.427149,-88.22365
102587,121910050700,38.418223,-88.528956
405949,121832596700,40.15165,-87.683987
417920,120953251600,40.856711,-90.217272
300047,120012317300,39.994617,-91.4462
441436,120432439000,41.848518,-88.047891
345009,121052339900,40.866604,-88.376186
336898,121310031100,41.183257,-90.740462
617418,120314655100,41.761811,-87.632973
580606,121112423300,42.216629,-88.200071
623432,121013273400,38.710867,-87.702451
247932,120452145200,39.591728,-87.654269
288044,121672585000,39.684949,-89.465591
635945,120572355600,40.447787,-89.98795
136446,121910656101,38.387346,-88.303758
514742,121973086200,41.719894,-88.182788
525265,121732323700,39.404694,-88.580025
511655,121972725500,41.701954,-88.193506
541916,120970061600,42.280813,-87.884622
43692,121730124901,39.298737,-88.75359
154323,121470001500,40.038747,-88.54989
217208,120572426100,40.394092,-90.132568
587461,121592592000,38.782569,-88.095507
580249,121112292500,42.191107,-88.28406
412250,121114040700,42.351848,-88.235236
60528,121910616501,38.445428,-88.363746
497502,121412294400,42.143228,-89.593127
558495,120892328700,41.937585,-88.446391
545506,120970388500,42.458374,-87.882593
136436,121910187201,38.39271,-88.296782
483837,120974604800,42.352088,-88.08403
616449,120314801900,41.867032,-87.634049
476165,120312653900,42.016462,-88.005025
37051,120010041700,39.86756,-90.984655
513775,121973130000,41.431267,-88.227317
365358,120472438000,38.380037,-88.012463
477480,120312462500,41.617456,-87.813038
591197,121013137000,38.688071,-87.732582
180112,121013125200,38.740441,-87.762187
486809,121570166900,38.183388,-89.769626
341444,121332182100,38.186303,-90.140885
549687,120212454800,39.390742,-89.040958
628914,121890244300,38.415075,-89.694493
203962,121114340300,42.308778,-88.356528
559039,120892724100,41.964011,-88.429926
25459,120331498700,39.066177,-87.891244
247857,120490140000,39.030692,-88.653414
367389,120112197100,41.499601,-89.681944
14968,120810158600,38.331119,-88.748619
509315,121972432000,41.538212,-88.026917
156446,120230501600,39.299704,-87.926969
102331,120050076800,38.961037,-89.505668
207672,121612402700,41.536153,-90.431767
634082,121930816900,38.155547,-88.225851
517334,121990005200,37.788657,-88.783014
397017,120973414800,42.456355,-88.100645
180164,121930234301,37.919017,-88.320534
117841,121010574203,38.652602,-87.706034
280515,120912354500,41.193206,-87.762995
251852,121113782700,42.297363,-88.492726
333369,121792331900,40.574034,-89.63521
478115,120312627000,41.792878,-87.580077
570082,120690003600,37.491568,-88.224718
265848,121433223700,40.763264,-89.954194
124958,121910184900,38.473142,-88.436806
272973,121530009700,37.186303,-89.111252
410484,121192876000,38.836156,-90.084494
122212,121850266400,38.515965,-87.929057
222797,120692072800,37.492723,-88.391536
269139,121432463500,40.737203,-89.678561
476899,120312670700,41.856111,-87.826149
303295,121114479200,42.198912,-88.30176
311718,121192383500,38.830515,-90.037808
137226,121050029300,41.052322,-88.931137
425916,120032045200,37.215119,-89.42303
247001,120432875000,41.874008,-88.181346
467655,121432525200,40.588782,-89.87268
95682,120510268100,39.032358,-88.870101
613284,120314852400,41.95,-87.476667
507645,121672267000,39.846075,-89.274213
545511,120970389000,42.435302,-87.860647
285830,120953266000,40.992778,-90.185833
483915,121792448200,40.668417,-89.46283
335870,121232056400,41.000904,-89.402435
247718,120490138800,39.031578,-88.535923
353906,121310038400,41.220982,-90.687766
92413,121910437800,38.343067,-88.504904
183490,120333566500,39.055953,-87.875088
128935,120270082600,38.677124,-89.270966
525195,121732235100,39.240374,-88.526164
443165,121832279100,40.267321,-87.647166
455252,120990119300,41.586055,-88.918717
319518,121113771500,42.228589,-88.611462
279599,120932153200,41.604933,-88.278326
387908,121090076300,40.420229,-90.693834
496799,121392096300,39.718377,-88.48347
220317,120632249100,41.339311,-88.397157
167381,121050072701,41.035828,-88.698668
333033,121672592400,39.810098,-89.607233
1067,120333111000,39.002202,-87.83766
27344,121010814100,38.719197,-87.772261
64415,120550222401,38.075503,-88.89066
342304,121352295900,39.101655,-89.488423
631013,121170112700,39.252867,-89.970849
602358,120152213200,42.182222,-89.876389
396598,120973544500,42.382019,-88.135577
111281,120330637500,39.001142,-87.874058
540196,120932272600,41.645204,-88.5806
438788,120430097400,41.757917,-88.063938
564718,120532060300,40.558215,-88.414734
559090,120892818800,42.07888,-88.297791
439729,120430199300,41.830399,-88.169594
178179,121010267400,38.629851,-87.69071
368606,120112144300,41.359033,-89.664026
470110,121933175400,38.227361,-87.978908
370614,120192252900,40.33733,-88.315009
97067,120590254300,37.786376,-88.136945
472025,120292384600,39.423259,-88.045071
267471,121450067400,38.045977,-89.288439
474035,120310211600,41.719237,-87.826214
555548,120892251200,41.856477,-88.278959
287981,121973791500,41.53251,-87.978056
203786,120912733300,41.212133,-87.593983
484382,120752322500,40.826454,-87.585172
628174,120314428900,41.996418,-87.952346
347228,121612377600,41.329086,-90.626448
295281,121973378300,41.50592,-88.243189
229679,121972563900,41.439895,-87.826928
367676,120152092400,42.188804,-89.851552
603169,120314951900,41.991791,-87.709822
523580,122012300000,42.307125,-89.158778
631329,120650372100,38.108428,-88.444031
137771,121890216900,38.29225,-89.684772
392537,120972954400,42.402468,-88.180493
149530,120331705101,39.055863,-87.923236
203527,121974250500,41.501233,-87.855467
331377,121113671900,42.211112,-88.292877
111196,120330924400,39.04995,-87.896042
104585,121930300500,37.996576,-88.159062
173183,121930750800,38.056503,-88.270014
153870,121590069100,38.842818,-88.252501
380084,120092237500,39.911611,-90.845343
200833,120313521600,42.015553,-88.249987
502975,121650163600,37.712094,-88.683521
537160,120452292800,39.614266,-87.630925
64104,120490113701,39.061264,-88.447429
25807,120331417700,39.070067,-87.72096
253336,121190020300,38.909476,-90.044152
399448,120312836200,41.58933,-87.853746
40561,120250362000,38.749576,-88.342512
347217,120532129000,40.458494,-88.118831
520203,122010055000,42.251166,-89.037507
278256,120912267400,41.049076,-87.774889
203282,121114264300,42.331721,-88.248838
560833,120892318000,41.765791,-88.280249
451041,120973725300,42.382318,-88.13595
536232,120392076700,40.221295,-88.700178
139635,121350107600,39.319667,-89.473839
614079,121572341100,38.212113,-89.712794
339368,121272024000,37.238102,-88.693472
523583,122012300300,42.307938,-88.984906
203632,121612389700,41.44165,-90.5648
107449,121932954600,37.93246,-88.109119
528009,121790013200,40.541691,-89.682025
213538,120812426500,38.268151,-88.846209
84799,121890030400,38.288528,-89.266107
85732,121910536601,38.565618,-88.407745
315163,120552409200,38.086062,-88.980874
356213,120852171900,42.347965,-90.008218
563790,120492359700,39.167705,-88.618099
497751,121410127000,42.099122,-89.23951
52855,121210435303,38.563008,-88.998979
578946,121110145700,42.296067,-88.368436
229349,121972704500,41.546901,-87.992424
15326,120930027200,41.484164,-88.307202
445660,121850221600,38.538533,-87.783617
596927,121092311500,40.407299,-90.857907
210711,120433031900,41.838987,-88.151276
509333,121972433800,41.587617,-88.212208
166163,121933039300,37.978109,-88.19601
409760,121212804600,38.613437,-89.108604
215304,120572448900,40.463346,-90.062394
143331,121910010300,38.410709,-88.534087
613642,120372386400,41.769972,-88.628528
638111,121992271800,37.786242,-88.817371
495065,121352239900,39.192659,-89.651882
491822,121610075300,41.433641,-90.477706
453722,120992394800,41.325851,-88.788152
411978,121433474600,40.934556,-89.590309
488381,121570267700,37.956757,-89.723518
95604,120490089400,38.940923,-88.441196
443419,121830102100,40.128423,-87.682776
183918,121010396301,38.697976,-87.757078
115931,120232469600,39.414378,-87.988002
447108,121890258600,38.41074,-89.496018
262923,121433054600,40.745772,-89.905491
501969,121632401100,38.63729,-89.874148
68127,121910499201,38.509533,-88.290987
519716,121990157300,37.73797,-88.763693
314113,121210341700,38.596025,-89.006802
254134,121113823900,42.359868,-88.259997
336969,121252114700,40.267952,-89.631396
35856,121672354000,39.597707,-89.657622
345585,121114199300,42.227184,-88.358788
499902,121412359400,42.182829,-89.306369
339450,121310016400,41.110801,-90.795694
61341,120812480000,38.335512,-89.093529
522107,122012579900,42.382276,-89.060153
312101,121192495100,38.686004,-89.929722
381263,120152180200,42.154,-89.87391
397858,120312885700,42.096716,-88.164215
245749,120432685900,41.985923,-88.039962
207917,120972867100,42.491273,-87.82687
137623,120490010001,38.925093,-88.618266
180496,121352182900,39.26487,-89.440023
181856,121933215800,37.937429,-88.287398
484876,120974610100,42.476605,-88.091242
341670,121350161400,39.200778,-89.53445
200991,120893643200,42.078776,-88.249201
12752,120790043800,38.97903,-88.189597
128989,121212624900,38.69621,-88.763578
128753,120270066101,38.550041,-89.152892
168653,121210086400,38.575654,-88.975843
73101,120590122700,37.732613,-88.077923
440307,120430215700,41.771134,-87.962475
117336,120952274600,41.109103,-90.003111
401779,120333480100,39.036299,-87.895197
77647,120512882900,39.1391,-88.85693
136483,121910047101,38.419576,-88.462586
436662,120392062200,40.153638,-88.988372
602625,120315164800,41.91588,-87.66764
304769,121112516300,42.248061,-88.241234
221708,120690041000,37.486403,-88.407436
559871,120892664100,41.93331,-88.446704
323420,121732440100,39.216111,-88.6175
405206,121592602100,38.697357,-88.218782
58397,121712017700,39.57707,-90.449934
398495,120312909100,42.103613,-87.954917
108918,120590204300,37.877166,-88.11274
415322,120512814900,38.987092,-89.120641
428135,121113222800,42.423129,-88.659607
472189,120292278000,39.599093,-88.072686
496146,121410077800,42.002579,-89.345222
129718,120512622100,38.972077,-88.915508
510859,121972790200,41.233158,-88.100612
294822,120032072800,37.235265,-89.411182
480465,121792447600,40.503743,-89.733904
267626,121432490800,40.966076,-89.533726
531309,121832324800,40.305965,-87.787453
479124,120974478900,42.160052,-88.04945
34180,120792412900,39.064177,-88.115602
596124,122013330500,42.343634,-88.963906
240846,120072218900,42.224316,-88.890345
578047,121110122000,42.42734,-88.202304
221902,120690047600,37.459441,-88.323069
215644,120572457200,40.686402,-90.007129
437107,120372269300,41.631711,-88.639509
294738,121792299400,40.398979,-89.399657
452408,120973826100,42.273338,-88.13768
356926,121132474900,40.558062,-89.040657
452375,120973759900,42.378623,-88.165622
239791,120070036700,42.427802,-88.906271
602005,120872081000,37.406389,-88.723333
529445,121792211900,40.394299,-89.587652
90837,120410070901,39.665604,-88.33921
332351,120192320300,40.284625,-88.138974
43607,121930647401,37.985,-88.101507
465378,120852219700,42.414552,-90.161148
604519,121652699100,37.829663,-88.639272
351120,121192971100,38.840013,-90.023951
119483,121212684800,38.69251,-88.750526
401120,120333412500,38.870637,-87.667791
101974,122030021000,40.865267,-89.409665
173421,120210083900,39.579566,-89.11278
469344,120752286100,40.604366,-87.865579
238253,120072152500,42.267522,-88.937031
201042,120975080600,42.429051,-88.093229
341933,121332194700,38.335581,-90.0622
361087,121432267300,40.928953,-89.869565
56910,121210260600,38.553839,-89.022431
340150,121332213300,38.254175,-90.098608
538472,120092214100,40.103055,-90.818308
349074,120072436800,42.335532,-88.867016
621856,120314494600,41.622653,-87.6164
239781,120070035700,42.25332,-88.769478
204568,121832638700,40.122517,-87.747183
459268,121974123400,41.24821,-88.031614
427085,121112806800,42.260813,-88.285726
458462,120512820500,39.028874,-89.117846
464826,120912546100,41.116346,-87.75216
66992,120350158000,39.327092,-88.035778
300403,121552084200,41.277739,-89.305502
197054,120290159300,39.666423,-87.986248
26955,120331364700,38.919954,-87.804044
432551,121150050500,39.918541,-88.953143
297266,121973271000,41.485373,-88.187491
184680,120092197200,39.943412,-90.875503
230434,121972580800,41.696864,-88.188107
516482,121973696300,41.303296,-87.594262
174687,120232523300,39.46858,-87.583882
538141,121292030400,40.003458,-89.93545
425396,120973960700,42.399476,-88.094627
544562,120972507100,42.423879,-87.845912
325475,120893688000,41.869648,-88.459319
240441,120052182900,39.0269,-89.399994
522171,122012338900,42.25858,-88.97726
397608,120313019400,42.121629,-87.947736
161881,121010629300,38.680996,-87.705809
510408,121972617200,41.475402,-87.928062
317093,121433026000,40.770251,-89.880725
381167,121952381000,41.816121,-89.989314
449519,121890207000,38.327285,-89.541104
458617,121013160000,38.743775,-87.849594
365893,120592498900,37.704519,-88.353026
233863,120052364100,39.025572,-89.540065
155880,120230578400,39.41764,-87.961365
224480,121952171500,41.805465,-89.772669
316547,120974241700,42.264886,-88.071807
333097,120893322400,41.978255,-88.370814
38836,120210074900,39.73816,-89.200631
540686,120932281800,41.61332,-88.47478
595779,120314151100,41.8575,-87.7553
113674,120330781000,39.088288,-87.788647
561511,120893164200,42.127465,-88.309833
632883,121450283400,38.039126,-89.259606
184068,121930440001,38.182067,-87.992942
450959,120973856900,42.464558,-87.827388
180131,121210272602,38.541329,-89.014402
534433,120973970500,42.382181,-88.143488
299258,120333753701,39.03366,-87.800281
517036,121973508200,41.585607,-87.946032
257801,120974416100,42.348638,-88.14713
477857,120312473200,41.66392,-87.955053
109997,120810146900,38.243742,-88.743865
625274,121433567700,40.666904,-89.733548
335840,121212761400,38.621376,-88.743212
127199,120230192900,39.188645,-87.9306
445004,121832437500,40.169087,-87.643462
339494,121252106400,40.136465,-90.018038
366631,122032192800,40.828999,-89.517459
436144,120390037500,40.236394,-88.63436
528366,121770025400,42.307569,-89.904569
572104,120752264000,40.615303,-88.004901
271208,121470016500,39.795348,-88.663509
445469,121832356800,40.188486,-87.693828
387038,121090013700,40.323563,-90.513956
235412,120313724400,41.701718,-87.793398
242362,120072181700,42.294572,-88.93512
305864,120852488300,42.499978,-90.46099
619472,121572369500,38.212387,-89.693792
517015,121973506000,41.497874,-87.792834
89878,121092125700,40.287374,-90.755248
479693,121952274700,41.90017,-90.1214
350168,121772298100,42.247095,-89.410323
488374,121570266900,38.066076,-89.834438
83336,120890062900,41.758747,-88.443306
513752,121973492400,41.449668,-87.924566
147762,120510367000,39.102981,-88.898668
455101,120990118000,41.615109,-88.717992
389926,121114558800,42.402854,-88.220055
574880,120792474200,38.861841,-88.131379
473187,120310339900,42.048985,-88.2292
270248,121450179700,37.960902,-89.569489
337640,121252129100,40.134111,-89.739034
94087,121912870400,38.532156,-88.310864
83601,121890143400,38.477079,-89.426064
135112,121210254001,38.561506,-89.000315
115753,120092198000,39.929641,-90.617232
222136,120670012900,40.269183,-90.951824
578694,121110054800,42.274031,-88.286226
583386,121112817200,42.24429,-88.242736
184711,120330807501,38.881382,-87.729272
156884,120230604900,39.400596,-88.004311
200770,120893639000,41.903632,-88.360646
257004,120752307000,40.969796,-88.114548
409251,120974823900,42.442664,-87.944136
372799,120192475300,40.249581,-88.077307
454539,120990222600,41.626518,-88.649199
10389,121850447001,38.418784,-87.91716
56487,121650250400,37.833717,-88.412173
351385,121612412600,41.464167,-90.564444
83845,121850287100,38.547838,-87.692905
407857,121114095400,42.282581,-88.332312
289358,121770074200,42.387114,-89.631319
52458,120330018301,38.908129,-87.793735
303154,120112342200,41.54047,-89.17712
493118,121632646400,38.424247,-90.001076
578602,121112251800,42.36792,-88.296688
180877,121930501001,38.100296,-88.257773
465109,121332248400,38.325874,-90.167643
405956,121832597400,40.267612,-87.803547
444256,121830017100,40.041786,-87.826598
267497,121450070200,38.054715,-89.250517
294774,121973372600,41.533977,-88.066692
34534,120333484900,39.02902,-87.753478
388605,121052248400,40.919988,-88.64197
297583,121973422300,41.562084,-88.142081
541000,120932218700,41.657776,-88.446024
618585,121013265400,38.713997,-87.672735
393196,120973383400,42.281541,-88.041907
292557,120392186700,40.124751,-88.858343
573078,120730074100,41.44667,-90.251545
536996,120692111700,37.459862,-88.377092
288863,121672583200,39.705876,-89.529438
157914,120331208000,38.984222,-87.858735
419021,120974779500,42.43247,-87.804673
74612,120510344400,39.116322,-88.837183
120211,121210184700,38.479586,-88.92589
630020,121430054400,40.538129,-89.854717
534988,120012277000,39.882701,-91.330445
111556,120330938700,38.959695,-87.873038
56104,121350157200,39.260146,-89.443535
548285,120252644100,38.756651,-88.284802
544482,120970364600,42.169628,-88.063309
189719,121010034700,38.614483,-87.813356
155097,121852691400,38.547179,-87.918001
531472,121832236900,40.192558,-87.659282
188960,121933213901,38.162336,-87.962298
333637,121113692500,42.242543,-88.204595
58123,121850066400,38.541328,-87.862063
325177,120652560500,38.202336,-88.374455
602488,120315126900,42.053657,-87.868173
391154,120972663900,42.446162,-87.885025
343332,120974954900,42.287228,-87.88155
269494,121432473200,40.938333,-89.74635
572948,120732215000,41.475667,-90.176445
93775,121930018200,37.980936,-88.05778
116060,120190042100,40.10583,-88.304812
15772,120810224200,38.299241,-89.066202
480727,121412513700,41.981277,-89.321858
451220,120973730800,42.412074,-87.840943
551520,120272442300,38.611692,-89.624797
54781,121930185701,38.229682,-88.071049
19925,120210200400,39.730991,-89.22399
206452,121532091500,37.3016,-89.05325
576452,120852191800,42.226797,-90.151242
171212,121450216000,38.161238,-89.211603
31666,120232552400,39.438984,-88.004247
52697,121210394102,38.584287,-89.012437
310270,121190079400,38.764971,-89.662071
600388,120975277100,42.363056,-87.485833
299206,120572496100,40.611983,-90.024233
584113,121112902400,42.412434,-88.210769
573269,120792511600,38.995792,-88.157349
555709,120890183500,41.850496,-88.364795
634665,120770116800,37.885395,-89.367415
260828,121432819300,40.751784,-89.835826
22842,120250043100,38.864846,-88.624152
569631,120570100000,40.615408,-89.978873
403134,120370087700,42.055558,-88.796082
553316,120272503400,38.543918,-89.43017
339579,121292082400,39.917708,-89.758622
201252,120932488700,41.602233,-88.4648
617996,120314670300,41.869801,-87.707668
437909,120430150100,41.797258,-87.954175
277657,120910174500,41.043675,-88.065077
335412,121192583300,38.710015,-90.150061
205581,121974259700,41.49965,-88.0587
177295,121010599000,38.817792,-87.805149
579594,121110083100,42.173971,-88.278313
451815,120973879800,42.181388,-87.982217
14200,120650165200,37.990248,-88.442287
533275,121832479600,40.120054,-87.930584
414758,120192594000,40.053257,-88.008802
593474,121572673700,37.913444,-89.885389
281375,120932124200,41.596298,-88.542634
621867,120314495700,41.626108,-87.688739
557126,120890148100,41.950372,-88.418699
116845,121732250300,39.270728,-88.594709
592852,121974018000,41.678026,-88.205138
224172,121970018100,41.319742,-88.235899
601575,120314909900,41.803565,-87.630893
353768,120512847500,38.900165,-89.021036
173055,121932852900,38.148085,-88.346795
520921,121992339900,37.794766,-88.972951
531132,121792181500,40.518086,-89.661971
475177,120310316400,41.878138,-87.647307
476137,120312651100,41.847408,-87.638847
274889,121570061000,38.087227,-89.652246
17308,121152148500,39.90317,-89.058634
324999,120272719100,38.536667,-89.608889
436546,120372187100,41.660029,-88.780819
133217,121010952800,38.650134,-87.690811
423083,122013091800,42.172953,-89.146137
554917,120850013700,42.348015,-90.388974
187872,121930059302,38.129218,-87.986591
314052,121250022900,40.23095,-90.009974
520047,122010136300,42.338702,-88.993553
63333,120650039601,37.955504,-88.532485
151464,120710028400,40.800327,-90.937371
325609,120532144400,40.413567,-88.154608
376478,120313503900,41.47425,-87.718844
388620,121052249900,40.737212,-88.512278
7071,120470117700,38.534236,-88.132024
500716,121412377700,42.129725,-89.201735
120530,121210141600,38.66322,-88.917685
100955,121930193200,38.003125,-88.103694
569215,120570015600,40.481178,-90.181988
71269,121932902100,37.94235,-88.221832
352808,120852345800,42.384616,-90.413659
106310,121912973000,38.493897,-88.149256
47956,121590243201,38.827445,-88.147901
371682,120190047900,40.112012,-88.230527
272070,121450144800,37.988083,-89.207238
486871,121512045400,37.435878,-88.561341
167743,121010414400,38.652329,-87.715337
630437,120770071900,37.934166,-89.556626
419949,122012332500,42.234298,-89.352895
266594,121113717600,42.3423,-88.254571
113897,120330915800,38.889668,-87.557879
158747,120230668700,39.445012,-87.968021
360463,121452863100,38.049016,-89.4914
578373,121110128400,42.17905,-88.281644
234149,120313799200,41.577638,-87.548779
130867,121332121100,38.395213,-90.173854
254367,121973922000,41.637632,-88.162032
622306,121913354000,38.257572,-88.213848
626429,122013307300,42.359528,-89.020093
498462,121410061700,42.047492,-89.677615
457014,121012811700,38.735517,-87.576032
77532,120212539700,39.773004,-89.247852
363241,121292052800,39.981276,-89.981204
300810,121114352000,42.2827,-88.476633
403501,120370098100,41.923135,-88.690158
611488,121572378200,38.212387,-89.693792
104543,121913168100,38.363806,-88.333728
143846,121652574700,37.879029,-88.422022
594844,120314292700,41.835147,-87.842936
57543,121850269600,38.4706,-87.761134
355009,121110071900,42.212193,-88.587666
255534,121113855000,42.355513,-88.203252
280488,120930101100,41.679246,-88.393194
492718,121632530100,38.535995,-90.008715
209802,121933126000,38.001018,-88.053189
314731,121192574200,38.768715,-89.706724
584054,121112834700,42.370603,-88.581474
544867,120972444000,42.180616,-88.181526
277870,120910257100,41.046806,-87.92038
473393,120310346900,42.050825,-87.8825
6597,120252621000,38.849775,-88.476509
241928,120092047400,39.982977,-90.779579
150207,120512581501,38.956508,-88.903222
194699,120252563000,38.851536,-88.466781
114589,121010488500,38.735899,-87.75647
276234,120893086800,42.021517,-88.495316
518320,121973607100,41.533713,-87.940771
45110,121210136800,38.544114,-88.979928
160896,120990096600,41.582958,-88.633016
502394,121630310100,38.438159,-89.902723
197628,120270250100,38.524545,-89.46792
40355,120250188200,38.80089,-88.419509
216494,120572395800,40.268617,-90.277052
10299,121010981100,38.763121,-87.785357
135317,121210363801,38.591787,-88.982735
151842,120990168500,41.051703,-88.940801
612486,121632519600,38.44577,-89.918505
305057,120632471600,41.135083,-88.349717
562774,120492332400,39.050848,-88.62243
311677,121192379400,38.813383,-89.924831
637906,120610010600,39.464386,-90.286656
49395,120330125700,38.87383,-87.6065
266568,120072336200,42.20757,-88.901033
302701,120192691200,40.303139,-88.141561
342416,121372153000,39.588338,-90.178326
369364,120132013200,39.01742,-90.669648
470234,121332230700,38.475536,-90.230484
635537,120810252900,38.212182,-88.974109
106895,121933063800,38.229961,-88.249107
315996,121973867200,41.276822,-88.078682
392924,120973086200,42.240059,-88.093215
373362,120192338400,40.135387,-87.974549
586285,120072364400,42.233466,-88.818336
58965,121850103100,38.348237,-87.872292
295316,120372375800,41.981217,-88.734867
242983,120092162000,39.889528,-90.871055
493559,121632584700,38.498199,-90.099991
209696,120632364900,41.305921,-88.497401
399301,120312828900,41.534757,-87.560453
135395,121912993501,38.523572,-88.64914
20810,120250262200,38.671949,-88.579861
122732,121850303000,38.536428,-87.684964
262446,121433038400,40.73806,-89.899487
403793,120370036400,41.943451,-88.65091
467937,121432552200,40.639389,-89.626035
286632,121832513600,40.115434,-87.742959
102984,121910341500,38.524161,-88.576598
344397,121412549200,41.974066,-89.324642
53101,121632919500,38.414143,-89.724516
16537,120330851500,38.879672,-87.72237
331027,120893248500,41.864904,-88.373548
102884,121692087500,40.072389,-90.529042
486917,121552033000,41.218756,-89.455529
305312,120192704100,40.099602,-88.394244
514930,121973157500,41.516292,-88.194212
596368,120314354000,42.047221,-88.089549
471574,120290138600,39.505374,-88.12585
294138,121973300700,41.342737,-87.622615
65129,121910337301,38.469767,-88.299576
514405,121973074400,41.593367,-88.215371
550031,120212463800,39.495532,-89.331359
633153,120412184500,39.850161,-88.075463
549315,120212442900,39.619755,-89.417901
279418,120932148200,41.65114,-88.294892
327534,121974557700,41.69966,-88.038577
499177,121430168900,40.800746,-89.855281
303387,121112348300,42.235299,-88.377784
387613,121052223000,40.936729,-88.79835
412113,121132396700,40.408151,-88.900013
542102,120970070800,42.276531,-87.934797
139590,121150074400,39.697952,-88.978669
313143,121192531000,38.727624,-89.623546
24278,120331461000,39.012126,-87.78701
358235,120570184400,40.708126,-90.274077
532464,120333631000,39.103607,-87.757011
99481,121930642700,37.995801,-88.046157
134644,121210243101,38.551455,-89.003898
491427,121630071600,38.479323,-90.064806
432954,121152208900,39.851213,-89.008878
99310,121930632400,37.954371,-88.191715
232128,120072472700,42.421922,-88.935069
616019,120314627200,41.931796,-87.680016
342206,121330007100,38.256561,-90.150686
63378,120510157001,39.110779,-88.891012
21816,120232379300,39.197132,-87.927317
483121,120974597700,42.345658,-87.896508
440190,120430055900,41.76664,-87.947299
357627,121192952200,38.831553,-90.086611
397156,120973416400,42.400003,-87.894134
427377,121113071000,42.358891,-88.235647
525199,121732235500,39.280565,-88.946313
21663,120230351900,39.345956,-87.930123
189042,121933230600,38.087108,-88.324503
102789,121852735400,38.349599,-87.90056
357767,121792537600,40.609909,-89.617282
373895,120212339600,39.40532,-89.043052
576786,120810263700,38.470863,-88.756275
303547,120272697100,38.521944,-89.464444
338183,121272068000,37.208719,-88.725439
208756,120893278600,41.964263,-88.592109
308014,121132187000,40.413583,-88.883212
85055,121850346301,38.531213,-87.742471
422199,122012879800,42.432474,-88.975207
519186,122010022600,42.271935,-89.145495
550558,120230154400,39.259229,-87.794635
123615,121850380600,38.502496,-87.691646
291582,120992297600,41.419709,-89.009281
535227,121832474500,40.077305,-87.586964
216867,120590220600,37.686235,-88.373969
91792,121850575700,38.394825,-87.838045
30646,121490003600,39.77588,-90.86724
445343,121832445800,40.048549,-87.919344
558007,120890095900,41.724953,-88.446612
492118,121630005300,38.461424,-89.835234
296700,121590020901,38.761634,-88.169697
478375,120313897500,41.673711,-88.00213
420690,122012840000,42.428596,-88.993689
510681,121972464800,41.521739,-88.03384
171195,121450203800,38.179293,-89.304325
199237,120333850100,39.160674,-87.938251
65464,121910174001,38.601806,-88.395513
90765,120590097801,37.831493,-88.101777
262416,121432953800,40.742808,-89.884088
362909,120792327000,38.866814,-88.322728
254449,120912603000,41.248584,-87.977718
108833,120790178200,39.031158,-88.080863
554957,120852087200,42.278725,-90.383658
403176,120333592300,39.036751,-87.596366
435413,120372226400,41.809169,-88.926337
312274,121192499900,38.68023,-89.874299
524028,122012391500,42.353542,-89.227127
558507,120892704400,42.124152,-88.363024
193768,121570198100,38.182255,-89.651302
294866,121792148800,40.719894,-89.462878
270587,121450193600,37.988561,-89.325189
124544,121872069500,40.875575,-90.673142
480582,120893456900,41.764094,-88.476727
616485,120732411800,41.337594,-90.201828
34460,120792449000,38.904936,-88.22878
546923,120313757700,41.533309,-87.582196
513600,121973125100,41.381709,-87.883147
126641,120230038600,39.220975,-87.791831
373167,120212302400,39.420805,-89.389067
63111,120470053701,38.561869,-88.048829
581793,121112591600,42.398928,-88.474869
376572,121114278000,42.322681,-88.339474
251436,120992626200,41.383497,-88.875561
116640,121892458400,38.342958,-89.459724
438425,120430088500,41.821077,-88.205664
94293,121910529200,38.587023,-88.386487
352539,120893659700,41.734348,-88.378834
478715,120974482000,42.173535,-87.987318
406674,120512817600,38.973102,-88.966261
152806,121592439500,38.65939,-88.270217
309112,121170067703,39.203851,-89.779928
442012,120432453000,41.879722,-88.138622
477747,120312616400,42.118902,-87.939207
277374,120893177800,41.954789,-88.461915
32284,120790055601,39.01551,-88.320215
160257,120270079401,38.566683,-89.159295
242789,120092136600,39.91279,-90.758545
393264,120973184800,42.47853,-87.901779
419322,120313415200,42.096806,-88.137381
282429,120932241900,41.601521,-88.476034
419989,122012410000,42.362208,-89.35973
475763,120312641500,41.65044,-87.602965
163660,121010578700,38.658877,-87.733947
541312,120952263500,40.791621,-89.98891
598220,121412616200,42.083531,-89.616871
447465,121890290600,38.250842,-89.570224
498776,121410068600,42.016479,-89.307551
81000,120650265200,38.021492,-88.566364
73606,120590175600,37.835043,-88.081085
612795,121592656800,38.583998,-87.990924
421764,122012736000,42.178996,-89.070761
112334,120330713800,39.016056,-87.895638
309815,121170134400,39.277364,-89.842849
567236,120550175801,38.038352,-88.880032
352994,120852374500,42.307596,-90.333899
390835,120972737000,42.381876,-88.13513
74777,120510355300,39.103382,-88.855891
323542,121114531200,42.324383,-88.618217
474641,120310304000,41.888425,-87.626938
465551,120832062400,39.116769,-90.479983
136643,120450052100,39.67241,-87.619681
218020,120630087200,41.392315,-88.271701
625994,120314380700,41.84052,-87.661398
233199,121952454400,41.717739,-89.708936
625485,120314143400,41.884069,-87.635069
319435,120192540500,40.29932,-88.25296
340430,121332158000,38.299139,-90.165506
334365,121092271800,40.533358,-90.677951
199700,120975067400,42.49026,-87.922902
541651,120952282000,41.128561,-90.041706
340980,121350013400,39.066857,-89.48953
121836,120232600500,39.305735,-87.894688
44241,121670109801,39.738489,-89.543423
582962,121112649600,42.374973,-88.227256
413273,121732404500,39.221387,-88.499866
61712,121092169001,40.334281,-90.863034
630191,121652602900,37.753644,-88.456691
501283,121430042200,40.564509,-89.705068
278231,120912264900,41.068859,-87.647718
464132,121792325300,40.722528,-89.456628
83323,120810126300,38.384169,-89.037769
142049,121930597500,38.033009,-88.237122
579546,121092245700,40.488085,-90.458329
312493,121190235900,38.761021,-89.801504
425193,122013079900,42.477013,-88.966743
337172,121272043000,37.15504,-88.601752
87383,121910610100,38.386722,-88.399799
349512,120732345500,41.582508,-90.050333
223628,121970004800,41.284435,-88.186966
483115,120974665700,42.41245,-88.02838
378826,121272110100,37.180143,-88.566735
454644,120973951800,42.4182,-88.175189
418232,120893489100,42.042965,-88.414374
14791,120810142800,38.4129,-88.852217
279728,120930080400,41.636998,-88.353194
67887,121910122800,38.430861,-88.346231
413538,121472133600,39.834673,-88.482138
235134,121852806102,38.262247,-87.957145
210585,120313276400,41.85533,-87.642591
279036,120910051500,41.064527,-88.1184
224657,121952175800,41.827326,-89.723022
74971,120550153900,37.960457,-88.948001
550088,120232426500,39.232401,-87.942
589910,121332279500,38.302214,-90.064517
561836,120892905200,41.967826,-88.313683
92487,121890188100,38.374447,-89.186086
482452,120313378300,41.574294,-87.89205
515362,121973464200,41.608047,-88.149502
638095,121990234100,37.809554,-88.809391
167293,121592440300,38.596339,-88.060343
535189,121832455400,40.16047,-87.582109
312939,121192520900,38.876707,-89.926704
447434,121933094700,38.227054,-88.143093
403623,120370031800,41.906918,-88.761397
162320,121010488400,38.737745,-87.75884
11048,121010998700,38.76768,-87.775668
17351,120333049300,38.899611,-87.826007
521203,122010165900,42.287544,-88.959737
240646,120072212700,42.313656,-88.875298
396824,120973407700,42.388875,-88.143212
383109,120992532900,41.32045,-88.674639
313857,121250016600,40.330693,-89.994029
573616,120792314000,38.997321,-88.148783
276807,120912323100,41.21402,-87.972254
397623,120313020900,42.101836,-87.959783
157343,120812379201,38.407436,-88.910984
332126,120974212500,42.47762,-87.988524
476289,120312580400,41.570567,-87.754528
294422,120092043300,40.070923,-90.699582
612987,121332084500,38.404436,-90.176685
262013,121433026900,40.768502,-89.889314
161317,120810118100,38.172069,-88.952476
299380,120112338800,41.2723,-89.2304
553274,120270401000,38.558276,-89.612405
507491,121672260800,39.676982,-89.814087
4540,120270114500,38.564821,-89.392464
121485,121590029300,38.667642,-88.272512
384646,121032201700,41.691619,-88.996897
590650,121232089500,40.980559,-89.456952
157627,120230439500,39.18242,-87.942036
404275,120370047000,42.0527,-88.669036
595491,120314083300,41.90155,-87.766873
